﻿Task,Group,Status,Due,Deal,Owner,Notes
Send appointment confirmation,Pre-Listing,Not Started,,123 Main St Listing,,
Prepare CMA packet,CMA,Not Started,,123 Main St Listing,,
Research comps 12–18mo,CMA,Not Started,,123 Main St Listing,,
Outline marketing plan,Marketing Prep,Not Started,,123 Main St Listing,,
Photographer booking,Marketing Prep,Not Started,,123 Main St Listing,,
Enter listing in MLS,MLS & Signage,Not Started,,123 Main St Listing,,
Install sign & lockbox,MLS & Signage,Not Started,,123 Main St Listing,,
Neighbor invites,Marketing Prep,Not Started,,123 Main St Listing,,
Open house #1,Showing,Not Started,,123 Main St Listing,,
Collect feedback,Showing,Not Started,,123 Main St Listing,,
Offer analysis,Offers,Not Started,,123 Main St Listing,,
Escrow timeline,Escrow,Not Started,,123 Main St Listing,,
De-staging & key handoff,Closing,Not Started,,123 Main St Listing,,
Just Sold mailer,Post-Closing,Not Started,,123 Main St Listing,,
